id,civic_centre,death_licenses,place_of_death,year,month,season
27767,ET,69,Outside City Limits,2011,1,Winter
27768,ET,341,Toronto,2011,1,Winter
27769,NY,141,Outside City Limits,2011,1,Winter
27770,NY,540,Toronto,2011,1,Winter
27771,SC,129,Outside City Limits,2011,1,Winter
27772,SC,545,Toronto,2011,1,Winter
27773,TO,297,Toronto,2011,1,Winter
27774,ET,83,Outside City Limits,2011,2,Winter
27775,ET,224,Toronto,2011,2,Winter
27776,NY,81,Outside City Limits,2011,2,Winter
27777,NY,307,Toronto,2011,2,Winter
27778,SC,68,Outside City Limits,2011,2,Winter
27779,SC,339,Toronto,2011,2,Winter
27780,TO,223,Toronto,2011,2,Winter
27781,ET,116,Outside City Limits,2011,3,Spring
27782,ET,233,Toronto,2011,3,Spring
27783,NY,118,Outside City Limits,2011,3,Spring
27784,NY,537,Toronto,2011,3,Spring
27785,SC,117,Outside City Limits,2011,3,Spring
27786,SC,283,Toronto,2011,3,Spring
27787,TO,185,Toronto,2011,3,Spring
27788,ET,83,Outside City Limits,2011,4,Spring
27789,ET,290,Toronto,2011,4,Spring
27790,NY,87,Outside City Limits,2011,4,Spring
27791,NY,553,Toronto,2011,4,Spring
27792,SC,85,Outside City Limits,2011,4,Spring
27793,SC,372,Toronto,2011,4,Spring
27794,TO,42,Toronto,2011,4,Spring
27795,ET,57,Outside City Limits,2011,5,Spring
27796,ET,176,Toronto,2011,5,Spring
27797,NY,92,Outside City Limits,2011,5,Spring
27798,NY,480,Toronto,2011,5,Spring
27799,SC,51,Outside City Limits,2011,5,Spring
27800,SC,253,Toronto,2011,5,Spring
27801,ET,30,Outside City Limits,2011,6,Summer
27802,ET,239,Toronto,2011,6,Summer
27803,NY,107,Outside City Limits,2011,6,Summer
27804,NY,479,Toronto,2011,6,Summer
27805,SC,84,Outside City Limits,2011,6,Summer
27806,SC,518,Toronto,2011,6,Summer
27807,ET,40,Outside City Limits,2011,7,Summer
27808,ET,317,Toronto,2011,7,Summer
27809,NY,50,Outside City Limits,2011,7,Summer
27810,NY,315,Toronto,2011,7,Summer
27811,SC,43,Outside City Limits,2011,7,Summer
27812,SC,312,Toronto,2011,7,Summer
27813,TO,13,Outside City Limits,2011,7,Summer
27814,TO,51,Toronto,2011,7,Summer
27815,ET,169,Outside City Limits,2011,8,Summer
27816,ET,165,Toronto,2011,8,Summer
27817,NY,117,Outside City Limits,2011,8,Summer
27818,NY,389,Toronto,2011,8,Summer
27819,SC,93,Outside City Limits,2011,8,Summer
27820,SC,320,Toronto,2011,8,Summer
27821,TO,4,Outside City Limits,2011,8,Summer
27822,TO,273,Toronto,2011,8,Summer
27823,ET,74,Outside City Limits,2011,9,Fall
27824,ET,176,Toronto,2011,9,Fall
27825,NY,133,Outside City Limits,2011,9,Fall
27826,NY,610,Toronto,2011,9,Fall
27827,SC,58,Outside City Limits,2011,9,Fall
27828,SC,394,Toronto,2011,9,Fall
27829,ET,85,Outside City Limits,2011,10,Fall
27830,ET,245,Toronto,2011,10,Fall
27831,NY,123,Outside City Limits,2011,10,Fall
27832,NY,498,Toronto,2011,10,Fall
27833,SC,57,Outside City Limits,2011,10,Fall
27834,SC,492,Toronto,2011,10,Fall
27835,TO,5,Toronto,2011,10,Fall
27836,ET,70,Outside City Limits,2011,11,Fall
27837,ET,250,Toronto,2011,11,Fall
27838,NY,104,Outside City Limits,2011,11,Fall
27839,NY,458,Toronto,2011,11,Fall
27840,SC,73,Outside City Limits,2011,11,Fall
27841,SC,378,Toronto,2011,11,Fall
27842,ET,68,Outside City Limits,2011,12,Winter
27843,ET,174,Toronto,2011,12,Winter
27844,NY,110,Outside City Limits,2011,12,Winter
27845,NY,420,Toronto,2011,12,Winter
27846,SC,94,Outside City Limits,2011,12,Winter
27847,SC,456,Toronto,2011,12,Winter
27848,ET,127,Outside City Limits,2012,1,Winter
27849,ET,396,Toronto,2012,1,Winter
27850,NY,81,Outside City Limits,2012,1,Winter
27851,NY,424,Toronto,2012,1,Winter
27852,SC,47,Outside City Limits,2012,1,Winter
27853,SC,432,Toronto,2012,1,Winter
27854,TO,97,Toronto,2012,1,Winter
27855,ET,58,Outside City Limits,2012,2,Winter
27856,ET,362,Toronto,2012,2,Winter
27857,NY,62,Outside City Limits,2012,2,Winter
27858,NY,304,Toronto,2012,2,Winter
27859,SC,137,Outside City Limits,2012,2,Winter
27860,SC,508,Toronto,2012,2,Winter
27861,TO,12,Toronto,2012,2,Winter
27862,ET,179,Outside City Limits,2012,3,Spring
27863,ET,493,Toronto,2012,3,Spring
27864,NY,39,Outside City Limits,2012,3,Spring
27865,NY,271,Toronto,2012,3,Spring
27866,SC,75,Outside City Limits,2012,3,Spring
27867,SC,432,Toronto,2012,3,Spring
27868,ET,188,Outside City Limits,2012,4,Spring
27869,ET,452,Toronto,2012,4,Spring
27870,NY,14,Outside City Limits,2012,4,Spring
27871,NY,214,Toronto,2012,4,Spring
27872,SC,23,Outside City Limits,2012,4,Spring
27873,SC,254,Toronto,2012,4,Spring
27874,ET,137,Outside City Limits,2012,5,Spring
27875,ET,658,Toronto,2012,5,Spring
27876,NY,23,Outside City Limits,2012,5,Spring
27877,NY,245,Toronto,2012,5,Spring
27878,SC,67,Outside City Limits,2012,5,Spring
27879,SC,359,Toronto,2012,5,Spring
27880,ET,172,Outside City Limits,2012,6,Summer
27881,ET,521,Toronto,2012,6,Summer
27882,NY,55,Outside City Limits,2012,6,Summer
27883,NY,138,Toronto,2012,6,Summer
27884,SC,117,Outside City Limits,2012,6,Summer
27885,SC,561,Toronto,2012,6,Summer
27886,ET,105,Outside City Limits,2012,7,Summer
27887,ET,264,Toronto,2012,7,Summer
27888,NY,70,Outside City Limits,2012,7,Summer
27889,NY,387,Toronto,2012,7,Summer
27890,SC,52,Outside City Limits,2012,7,Summer
27891,SC,293,Toronto,2012,7,Summer
27892,ET,99,Outside City Limits,2012,8,Summer
27893,ET,437,Toronto,2012,8,Summer
27894,NY,77,Outside City Limits,2012,8,Summer
27895,NY,286,Toronto,2012,8,Summer
27896,SC,46,Outside City Limits,2012,8,Summer
27897,SC,142,Toronto,2012,8,Summer
27898,ET,106,Outside City Limits,2012,9,Fall
27899,ET,425,Toronto,2012,9,Fall
27900,NY,84,Outside City Limits,2012,9,Fall
27901,NY,380,Toronto,2012,9,Fall
27902,SC,115,Outside City Limits,2012,9,Fall
27903,SC,590,Toronto,2012,9,Fall
27904,ET,103,Outside City Limits,2012,10,Fall
27905,ET,451,Toronto,2012,10,Fall
27906,NY,107,Outside City Limits,2012,10,Fall
27907,NY,377,Toronto,2012,10,Fall
27908,SC,84,Outside City Limits,2012,10,Fall
27909,SC,473,Toronto,2012,10,Fall
27910,ET,85,Outside City Limits,2012,11,Fall
27911,ET,293,Toronto,2012,11,Fall
27912,NY,88,Outside City Limits,2012,11,Fall
27913,NY,314,Toronto,2012,11,Fall
27914,SC,79,Outside City Limits,2012,11,Fall
27915,SC,434,Toronto,2012,11,Fall
27916,ET,82,Outside City Limits,2012,12,Winter
27917,ET,636,Toronto,2012,12,Winter
27918,NY,73,Outside City Limits,2012,12,Winter
27919,NY,311,Toronto,2012,12,Winter
27920,SC,36,Outside City Limits,2012,12,Winter
27921,SC,281,Toronto,2012,12,Winter
27922,ET,283,Outside City Limits,2013,1,Winter
27923,ET,631,Toronto,2013,1,Winter
27924,NY,117,Outside City Limits,2013,1,Winter
27925,NY,418,Toronto,2013,1,Winter
27926,SC,78,Outside City Limits,2013,1,Winter
27927,SC,582,Toronto,2013,1,Winter
27928,ET,103,Outside City Limits,2013,2,Winter
27929,ET,434,Toronto,2013,2,Winter
27930,NY,54,Outside City Limits,2013,2,Winter
27931,NY,243,Toronto,2013,2,Winter
27932,SC,59,Outside City Limits,2013,2,Winter
27933,SC,420,Toronto,2013,2,Winter
27934,ET,94,Outside City Limits,2013,3,Spring
27935,ET,312,Toronto,2013,3,Spring
27936,NY,80,Outside City Limits,2013,3,Spring
27937,NY,234,Toronto,2013,3,Spring
27938,SC,95,Outside City Limits,2013,3,Spring
27939,SC,416,Toronto,2013,3,Spring
27940,ET,163,Outside City Limits,2013,4,Spring
27941,ET,669,Toronto,2013,4,Spring
27942,NY,47,Outside City Limits,2013,4,Spring
27943,NY,226,Toronto,2013,4,Spring
27944,SC,76,Outside City Limits,2013,4,Spring
27945,SC,501,Toronto,2013,4,Spring
27946,ET,82,Outside City Limits,2013,5,Spring
27947,ET,435,Toronto,2013,5,Spring
27948,NY,81,Outside City Limits,2013,5,Spring
27949,NY,276,Toronto,2013,5,Spring
27950,SC,86,Outside City Limits,2013,5,Spring
27951,SC,432,Toronto,2013,5,Spring
27952,ET,93,Outside City Limits,2013,6,Summer
27953,ET,506,Toronto,2013,6,Summer
27954,NY,66,Outside City Limits,2013,6,Summer
27955,NY,236,Toronto,2013,6,Summer
27956,SC,54,Outside City Limits,2013,6,Summer
27957,SC,255,Toronto,2013,6,Summer
27958,ET,193,Outside City Limits,2013,7,Summer
27959,ET,732,Toronto,2013,7,Summer
27960,NY,55,Outside City Limits,2013,7,Summer
27961,NY,276,Toronto,2013,7,Summer
27962,SC,58,Outside City Limits,2013,7,Summer
27963,SC,346,Toronto,2013,7,Summer
27964,ET,116,Outside City Limits,2013,8,Summer
27965,ET,379,Toronto,2013,8,Summer
27966,NY,83,Outside City Limits,2013,8,Summer
27967,NY,290,Toronto,2013,8,Summer
27968,SC,33,Outside City Limits,2013,8,Summer
27969,SC,217,Toronto,2013,8,Summer
27970,ET,150,Outside City Limits,2013,9,Fall
27971,ET,449,Toronto,2013,9,Fall
27972,NY,109,Outside City Limits,2013,9,Fall
27973,NY,487,Toronto,2013,9,Fall
27974,SC,83,Outside City Limits,2013,9,Fall
27975,SC,338,Toronto,2013,9,Fall
27976,ET,111,Outside City Limits,2013,10,Fall
27977,ET,414,Toronto,2013,10,Fall
27978,NY,98,Outside City Limits,2013,10,Fall
27979,NY,390,Toronto,2013,10,Fall
27980,SC,82,Outside City Limits,2013,10,Fall
27981,SC,433,Toronto,2013,10,Fall
27982,ET,99,Outside City Limits,2013,11,Fall
27983,ET,338,Toronto,2013,11,Fall
27984,NY,60,Outside City Limits,2013,11,Fall
27985,NY,277,Toronto,2013,11,Fall
27986,SC,86,Outside City Limits,2013,11,Fall
27987,SC,398,Toronto,2013,11,Fall
27988,ET,66,Outside City Limits,2013,12,Winter
27989,ET,432,Toronto,2013,12,Winter
27990,NY,95,Outside City Limits,2013,12,Winter
27991,NY,331,Toronto,2013,12,Winter
27992,SC,81,Outside City Limits,2013,12,Winter
27993,SC,318,Toronto,2013,12,Winter
27994,ET,215,Outside City Limits,2014,1,Winter
27995,ET,569,Toronto,2014,1,Winter
27996,NY,149,Outside City Limits,2014,1,Winter
27997,NY,503,Toronto,2014,1,Winter
27998,SC,104,Outside City Limits,2014,1,Winter
27999,SC,555,Toronto,2014,1,Winter
28000,ET,136,Outside City Limits,2014,2,Winter
28001,ET,379,Toronto,2014,2,Winter
28002,NY,93,Outside City Limits,2014,2,Winter
28003,NY,381,Toronto,2014,2,Winter
28004,SC,66,Outside City Limits,2014,2,Winter
28005,SC,335,Toronto,2014,2,Winter
28006,ET,112,Outside City Limits,2014,3,Spring
28007,ET,394,Toronto,2014,3,Spring
28008,NY,158,Outside City Limits,2014,3,Spring
28009,NY,618,Toronto,2014,3,Spring
28010,SC,90,Outside City Limits,2014,3,Spring
28011,SC,410,Toronto,2014,3,Spring
28012,ET,112,Outside City Limits,2014,4,Spring
28013,ET,352,Toronto,2014,4,Spring
28014,NY,115,Outside City Limits,2014,4,Spring
28015,NY,518,Toronto,2014,4,Spring
28016,SC,59,Outside City Limits,2014,4,Spring
28017,SC,402,Toronto,2014,4,Spring
28018,ET,78,Outside City Limits,2014,5,Spring
28019,ET,330,Toronto,2014,5,Spring
28020,NY,63,Outside City Limits,2014,5,Spring
28021,NY,296,Toronto,2014,5,Spring
28022,SC,108,Outside City Limits,2014,5,Spring
28023,SC,398,Toronto,2014,5,Spring
28024,ET,95,Outside City Limits,2014,6,Summer
28025,ET,371,Toronto,2014,6,Summer
28026,NY,99,Outside City Limits,2014,6,Summer
28027,NY,404,Toronto,2014,6,Summer
28028,SC,63,Outside City Limits,2014,6,Summer
28029,SC,390,Toronto,2014,6,Summer
28030,ET,116,Outside City Limits,2014,7,Summer
28031,ET,393,Toronto,2014,7,Summer
28032,NY,119,Outside City Limits,2014,7,Summer
28033,NY,454,Toronto,2014,7,Summer
28034,SC,44,Outside City Limits,2014,7,Summer
28035,SC,258,Toronto,2014,7,Summer
28036,ET,80,Outside City Limits,2014,8,Summer
28037,ET,301,Toronto,2014,8,Summer
28038,NY,103,Outside City Limits,2014,8,Summer
28039,NY,277,Toronto,2014,8,Summer
28040,SC,120,Outside City Limits,2014,8,Summer
28041,SC,518,Toronto,2014,8,Summer
28042,ET,105,Outside City Limits,2014,9,Fall
28043,ET,274,Toronto,2014,9,Fall
28044,NY,94,Outside City Limits,2014,9,Fall
28045,NY,391,Toronto,2014,9,Fall
28046,SC,96,Outside City Limits,2014,9,Fall
28047,SC,427,Toronto,2014,9,Fall
28048,ET,92,Outside City Limits,2014,10,Fall
28049,ET,297,Toronto,2014,10,Fall
28050,NY,59,Outside City Limits,2014,10,Fall
28051,NY,454,Toronto,2014,10,Fall
28052,SC,81,Outside City Limits,2014,10,Fall
28053,SC,459,Toronto,2014,10,Fall
28054,ET,138,Outside City Limits,2014,11,Fall
28055,ET,467,Toronto,2014,11,Fall
28056,NY,93,Outside City Limits,2014,11,Fall
28057,NY,267,Toronto,2014,11,Fall
28058,SC,71,Outside City Limits,2014,11,Fall
28059,SC,432,Toronto,2014,11,Fall
28060,ET,111,Outside City Limits,2014,12,Winter
28061,ET,308,Toronto,2014,12,Winter
28062,NY,73,Outside City Limits,2014,12,Winter
28063,NY,441,Toronto,2014,12,Winter
28064,SC,85,Outside City Limits,2014,12,Winter
28065,SC,482,Toronto,2014,12,Winter
28066,ET,158,Outside City Limits,2015,1,Winter
28067,ET,487,Toronto,2015,1,Winter
28068,NY,119,Outside City Limits,2015,1,Winter
28069,NY,422,Toronto,2015,1,Winter
28070,SC,94,Outside City Limits,2015,1,Winter
28071,SC,580,Toronto,2015,1,Winter
28072,ET,132,Outside City Limits,2015,2,Winter
28073,ET,543,Toronto,2015,2,Winter
28074,NY,93,Outside City Limits,2015,2,Winter
28075,NY,210,Toronto,2015,2,Winter
28076,SC,107,Outside City Limits,2015,2,Winter
28077,SC,500,Toronto,2015,2,Winter
28078,ET,139,Outside City Limits,2015,3,Spring
28079,ET,584,Toronto,2015,3,Spring
28080,NY,65,Outside City Limits,2015,3,Spring
28081,NY,347,Toronto,2015,3,Spring
28082,SC,63,Outside City Limits,2015,3,Spring
28083,SC,367,Toronto,2015,3,Spring
28084,ET,113,Outside City Limits,2015,4,Spring
28085,ET,399,Toronto,2015,4,Spring
28086,NY,126,Outside City Limits,2015,4,Spring
28087,NY,345,Toronto,2015,4,Spring
28088,SC,60,Outside City Limits,2015,4,Spring
28089,SC,436,Toronto,2015,4,Spring
28090,ET,64,Outside City Limits,2015,5,Spring
28091,ET,273,Toronto,2015,5,Spring
28092,NY,94,Outside City Limits,2015,5,Spring
28093,NY,422,Toronto,2015,5,Spring
28094,SC,49,Outside City Limits,2015,5,Spring
28095,SC,364,Toronto,2015,5,Spring
28096,ET,124,Outside City Limits,2015,6,Summer
28097,ET,319,Toronto,2015,6,Summer
28098,NY,54,Outside City Limits,2015,6,Summer
28099,NY,363,Toronto,2015,6,Summer
28100,SC,93,Outside City Limits,2015,6,Summer
28101,SC,450,Toronto,2015,6,Summer
28102,ET,93,Outside City Limits,2015,7,Summer
28103,ET,374,Toronto,2015,7,Summer
28104,NY,76,Outside City Limits,2015,7,Summer
28105,NY,369,Toronto,2015,7,Summer
28106,SC,94,Outside City Limits,2015,7,Summer
28107,SC,466,Toronto,2015,7,Summer
28108,ET,81,Outside City Limits,2015,8,Summer
28109,ET,334,Toronto,2015,8,Summer
28110,NY,111,Outside City Limits,2015,8,Summer
28111,NY,484,Toronto,2015,8,Summer
28112,SC,97,Outside City Limits,2015,8,Summer
28113,SC,416,Toronto,2015,8,Summer
28114,ET,75,Outside City Limits,2015,9,Fall
28115,ET,310,Toronto,2015,9,Fall
28116,NY,87,Outside City Limits,2015,9,Fall
28117,NY,333,Toronto,2015,9,Fall
28118,SC,86,Outside City Limits,2015,9,Fall
28119,SC,432,Toronto,2015,9,Fall
28120,ET,158,Outside City Limits,2015,10,Fall
28121,ET,401,Toronto,2015,10,Fall
28122,NY,79,Outside City Limits,2015,10,Fall
28123,NY,301,Toronto,2015,10,Fall
28124,SC,83,Outside City Limits,2015,10,Fall
28125,SC,372,Toronto,2015,10,Fall
28126,ET,116,Outside City Limits,2015,11,Fall
28127,ET,460,Toronto,2015,11,Fall
28128,NY,70,Outside City Limits,2015,11,Fall
28129,NY,372,Toronto,2015,11,Fall
28130,SC,86,Outside City Limits,2015,11,Fall
28131,SC,413,Toronto,2015,11,Fall
28132,ET,68,Outside City Limits,2015,12,Winter
28133,ET,333,Toronto,2015,12,Winter
28134,NY,70,Outside City Limits,2015,12,Winter
28135,NY,259,Toronto,2015,12,Winter
28136,SC,98,Outside City Limits,2015,12,Winter
28137,SC,459,Toronto,2015,12,Winter
28138,ET,183,Outside City Limits,2016,1,Winter
28139,ET,422,Toronto,2016,1,Winter
28140,NY,90,Outside City Limits,2016,1,Winter
28141,NY,396,Toronto,2016,1,Winter
28142,SC,87,Outside City Limits,2016,1,Winter
28143,SC,564,Toronto,2016,1,Winter
28144,ET,95,Outside City Limits,2016,2,Winter
28145,ET,387,Toronto,2016,2,Winter
28146,NY,83,Outside City Limits,2016,2,Winter
28147,NY,285,Toronto,2016,2,Winter
28148,SC,99,Outside City Limits,2016,2,Winter
28149,SC,471,Toronto,2016,2,Winter
28150,ET,155,Outside City Limits,2016,3,Spring
28151,ET,440,Toronto,2016,3,Spring
28152,NY,95,Outside City Limits,2016,3,Spring
28153,NY,311,Toronto,2016,3,Spring
28154,SC,93,Outside City Limits,2016,3,Spring
28155,SC,533,Toronto,2016,3,Spring
28156,ET,104,Outside City Limits,2016,4,Spring
28157,ET,414,Toronto,2016,4,Spring
28158,NY,51,Outside City Limits,2016,4,Spring
28159,NY,255,Toronto,2016,4,Spring
28160,SC,107,Outside City Limits,2016,4,Spring
28161,SC,539,Toronto,2016,4,Spring
28162,ET,137,Outside City Limits,2016,5,Spring
28163,ET,355,Toronto,2016,5,Spring
28164,NY,106,Outside City Limits,2016,5,Spring
28165,NY,329,Toronto,2016,5,Spring
28166,SC,91,Outside City Limits,2016,5,Spring
28167,SC,518,Toronto,2016,5,Spring
28168,ET,134,Outside City Limits,2016,6,Summer
28169,ET,387,Toronto,2016,6,Summer
28170,NY,53,Outside City Limits,2016,6,Summer
28171,NY,304,Toronto,2016,6,Summer
28172,SC,48,Outside City Limits,2016,6,Summer
28173,SC,421,Toronto,2016,6,Summer
28174,ET,126,Outside City Limits,2016,7,Summer
28175,ET,407,Toronto,2016,7,Summer
28176,NY,10,Outside City Limits,2016,7,Summer
28177,NY,250,Toronto,2016,7,Summer
28178,SC,60,Outside City Limits,2016,7,Summer
28179,SC,186,Toronto,2016,7,Summer
28180,ET,155,Outside City Limits,2016,8,Summer
28181,ET,312,Toronto,2016,8,Summer
28182,NY,77,Outside City Limits,2016,8,Summer
28183,NY,240,Toronto,2016,8,Summer
28184,SC,85,Outside City Limits,2016,8,Summer
28185,SC,696,Toronto,2016,8,Summer
28186,ET,198,Outside City Limits,2016,9,Fall
28187,ET,432,Toronto,2016,9,Fall
28188,NY,78,Outside City Limits,2016,9,Fall
28189,NY,321,Toronto,2016,9,Fall
28190,SC,112,Outside City Limits,2016,9,Fall
28191,SC,553,Toronto,2016,9,Fall
28192,ET,108,Outside City Limits,2016,10,Fall
28193,ET,427,Toronto,2016,10,Fall
28194,NY,78,Outside City Limits,2016,10,Fall
28195,NY,356,Toronto,2016,10,Fall
28196,SC,93,Outside City Limits,2016,10,Fall
28197,SC,478,Toronto,2016,10,Fall
28198,ET,124,Outside City Limits,2016,11,Fall
28199,ET,293,Toronto,2016,11,Fall
28200,NY,90,Outside City Limits,2016,11,Fall
28201,NY,308,Toronto,2016,11,Fall
28202,SC,124,Outside City Limits,2016,11,Fall
28203,SC,518,Toronto,2016,11,Fall
28204,ET,98,Outside City Limits,2016,12,Winter
28205,ET,338,Toronto,2016,12,Winter
28206,NY,59,Outside City Limits,2016,12,Winter
28207,NY,298,Toronto,2016,12,Winter
28208,SC,69,Outside City Limits,2016,12,Winter
28209,SC,401,Toronto,2016,12,Winter
28210,ET,208,Outside City Limits,2017,1,Winter
28211,ET,610,Toronto,2017,1,Winter
28212,NY,121,Outside City Limits,2017,1,Winter
28213,NY,381,Toronto,2017,1,Winter
28214,SC,134,Outside City Limits,2017,1,Winter
28215,SC,747,Toronto,2017,1,Winter
28216,ET,105,Outside City Limits,2017,2,Winter
28217,ET,340,Toronto,2017,2,Winter
28218,NY,92,Outside City Limits,2017,2,Winter
28219,NY,352,Toronto,2017,2,Winter
28220,SC,142,Outside City Limits,2017,2,Winter
28221,SC,524,Toronto,2017,2,Winter
28222,ET,133,Outside City Limits,2017,3,Spring
28223,ET,442,Toronto,2017,3,Spring
28224,NY,74,Outside City Limits,2017,3,Spring
28225,NY,430,Toronto,2017,3,Spring
28226,SC,95,Outside City Limits,2017,3,Spring
28227,SC,518,Toronto,2017,3,Spring
28228,ET,122,Outside City Limits,2017,4,Spring
28229,ET,370,Toronto,2017,4,Spring
28230,NY,25,Outside City Limits,2017,4,Spring
28231,NY,160,Toronto,2017,4,Spring
28232,SC,77,Outside City Limits,2017,4,Spring
28233,SC,358,Toronto,2017,4,Spring
28234,ET,135,Outside City Limits,2017,5,Spring
28235,ET,447,Toronto,2017,5,Spring
28236,NY,116,Outside City Limits,2017,5,Spring
28237,NY,426,Toronto,2017,5,Spring
28238,SC,89,Outside City Limits,2017,5,Spring
28239,SC,481,Toronto,2017,5,Spring
28240,ET,110,Outside City Limits,2017,6,Summer
28241,ET,384,Toronto,2017,6,Summer
28242,NY,115,Outside City Limits,2017,6,Summer
28243,NY,265,Toronto,2017,6,Summer
28244,SC,106,Outside City Limits,2017,6,Summer
28245,SC,373,Toronto,2017,6,Summer
28246,ET,133,Outside City Limits,2017,7,Summer
28247,ET,255,Toronto,2017,7,Summer
28248,NY,82,Outside City Limits,2017,7,Summer
28249,NY,268,Toronto,2017,7,Summer
28250,SC,92,Outside City Limits,2017,7,Summer
28251,SC,448,Toronto,2017,7,Summer
28252,ET,128,Outside City Limits,2017,8,Summer
28253,ET,348,Toronto,2017,8,Summer
28254,NY,82,Outside City Limits,2017,8,Summer
28255,NY,277,Toronto,2017,8,Summer
28256,SC,113,Outside City Limits,2017,8,Summer
28257,SC,602,Toronto,2017,8,Summer
28258,ET,140,Outside City Limits,2017,9,Fall
28259,ET,471,Toronto,2017,9,Fall
28260,NY,51,Outside City Limits,2017,9,Fall
28261,NY,239,Toronto,2017,9,Fall
28262,SC,87,Outside City Limits,2017,9,Fall
28263,SC,360,Toronto,2017,9,Fall
28264,ET,172,Outside City Limits,2017,10,Fall
28265,ET,521,Toronto,2017,10,Fall
28266,NY,94,Outside City Limits,2017,10,Fall
28267,NY,289,Toronto,2017,10,Fall
28268,SC,70,Outside City Limits,2017,10,Fall
28269,SC,477,Toronto,2017,10,Fall
28270,ET,129,Outside City Limits,2017,11,Fall
28271,ET,387,Toronto,2017,11,Fall
28272,NY,84,Outside City Limits,2017,11,Fall
28273,NY,358,Toronto,2017,11,Fall
28274,SC,99,Outside City Limits,2017,11,Fall
28275,SC,540,Toronto,2017,11,Fall
28276,ET,44,Outside City Limits,2017,12,Winter
28277,ET,184,Toronto,2017,12,Winter
28278,NY,56,Outside City Limits,2017,12,Winter
28279,NY,125,Toronto,2017,12,Winter
28280,SC,64,Outside City Limits,2017,12,Winter
28281,SC,295,Toronto,2017,12,Winter
28282,ET,248,Outside City Limits,2018,1,Winter
28283,ET,605,Toronto,2018,1,Winter
28284,NY,103,Outside City Limits,2018,1,Winter
28285,NY,501,Toronto,2018,1,Winter
28286,SC,188,Outside City Limits,2018,1,Winter
28287,SC,766,Toronto,2018,1,Winter
28288,ET,193,Outside City Limits,2018,2,Winter
28289,ET,440,Toronto,2018,2,Winter
28290,NY,46,Outside City Limits,2018,2,Winter
28291,NY,262,Toronto,2018,2,Winter
28292,SC,142,Outside City Limits,2018,2,Winter
28293,SC,648,Toronto,2018,2,Winter
28294,ET,126,Outside City Limits,2018,3,Spring
28295,ET,463,Toronto,2018,3,Spring
28296,NY,81,Outside City Limits,2018,3,Spring
28297,NY,292,Toronto,2018,3,Spring
28298,SC,141,Outside City Limits,2018,3,Spring
28299,SC,655,Toronto,2018,3,Spring
28300,ET,95,Outside City Limits,2018,4,Spring
28301,ET,320,Toronto,2018,4,Spring
28302,NY,37,Outside City Limits,2018,4,Spring
28303,NY,206,Toronto,2018,4,Spring
28304,SC,61,Outside City Limits,2018,4,Spring
28305,SC,347,Toronto,2018,4,Spring
28306,ET,216,Outside City Limits,2018,5,Spring
28307,ET,459,Toronto,2018,5,Spring
28308,NY,140,Outside City Limits,2018,5,Spring
28309,NY,492,Toronto,2018,5,Spring
28310,SC,108,Outside City Limits,2018,5,Spring
28311,SC,494,Toronto,2018,5,Spring
28312,ET,88,Outside City Limits,2018,6,Summer
28313,ET,377,Toronto,2018,6,Summer
28314,NY,31,Outside City Limits,2018,6,Summer
28315,NY,194,Toronto,2018,6,Summer
28316,SC,82,Outside City Limits,2018,6,Summer
28317,SC,513,Toronto,2018,6,Summer
28318,ET,117,Outside City Limits,2018,7,Summer
28319,ET,327,Toronto,2018,7,Summer
28320,NY,125,Outside City Limits,2018,7,Summer
28321,NY,348,Toronto,2018,7,Summer
28322,SC,72,Outside City Limits,2018,7,Summer
28323,SC,522,Toronto,2018,7,Summer
28324,ET,81,Outside City Limits,2018,8,Summer
28325,ET,220,Toronto,2018,8,Summer
28326,NY,26,Outside City Limits,2018,8,Summer
28327,NY,183,Toronto,2018,8,Summer
28328,SC,70,Outside City Limits,2018,8,Summer
28329,SC,406,Toronto,2018,8,Summer
28330,ET,157,Outside City Limits,2018,9,Fall
28331,ET,373,Toronto,2018,9,Fall
28332,NY,101,Outside City Limits,2018,9,Fall
28333,NY,285,Toronto,2018,9,Fall
28334,SC,133,Outside City Limits,2018,9,Fall
28335,SC,582,Toronto,2018,9,Fall
28336,ET,170,Outside City Limits,2018,10,Fall
28337,ET,573,Toronto,2018,10,Fall
28338,NY,37,Outside City Limits,2018,10,Fall
28339,NY,214,Toronto,2018,10,Fall
28340,SC,80,Outside City Limits,2018,10,Fall
28341,SC,592,Toronto,2018,10,Fall
28342,ET,175,Outside City Limits,2018,11,Fall
28343,ET,510,Toronto,2018,11,Fall
28344,NY,63,Outside City Limits,2018,11,Fall
28345,NY,343,Toronto,2018,11,Fall
28346,SC,101,Outside City Limits,2018,11,Fall
28347,SC,425,Toronto,2018,11,Fall
28348,ET,85,Outside City Limits,2018,12,Winter
28349,ET,144,Toronto,2018,12,Winter
28350,NY,89,Outside City Limits,2018,12,Winter
28351,NY,287,Toronto,2018,12,Winter
28352,SC,73,Outside City Limits,2018,12,Winter
28353,SC,433,Toronto,2018,12,Winter
28354,ET,199,Outside City Limits,2019,1,Winter
28355,ET,612,Toronto,2019,1,Winter
28356,NY,122,Outside City Limits,2019,1,Winter
28357,NY,455,Toronto,2019,1,Winter
28358,SC,105,Outside City Limits,2019,1,Winter
28359,SC,505,Toronto,2019,1,Winter
28360,ET,189,Outside City Limits,2019,2,Winter
28361,ET,573,Toronto,2019,2,Winter
28362,NY,80,Outside City Limits,2019,2,Winter
28363,NY,328,Toronto,2019,2,Winter
28364,SC,84,Outside City Limits,2019,2,Winter
28365,SC,379,Toronto,2019,2,Winter
28366,ET,152,Outside City Limits,2019,3,Spring
28367,ET,555,Toronto,2019,3,Spring
28368,NY,68,Outside City Limits,2019,3,Spring
28369,NY,344,Toronto,2019,3,Spring
28370,SC,97,Outside City Limits,2019,3,Spring
28371,SC,433,Toronto,2019,3,Spring
28372,ET,111,Outside City Limits,2019,4,Spring
28373,ET,347,Toronto,2019,4,Spring
28374,NY,54,Outside City Limits,2019,4,Spring
28375,NY,253,Toronto,2019,4,Spring
28376,SC,136,Outside City Limits,2019,4,Spring
28377,SC,522,Toronto,2019,4,Spring
28378,ET,205,Outside City Limits,2019,5,Spring
28379,ET,407,Toronto,2019,5,Spring
28380,NY,43,Outside City Limits,2019,5,Spring
28381,NY,268,Toronto,2019,5,Spring
28382,SC,118,Outside City Limits,2019,5,Spring
28383,SC,678,Toronto,2019,5,Spring
28384,ET,73,Outside City Limits,2019,6,Summer
28385,ET,164,Toronto,2019,6,Summer
28386,NY,133,Outside City Limits,2019,6,Summer
28387,NY,395,Toronto,2019,6,Summer
28388,SC,77,Outside City Limits,2019,6,Summer
28389,SC,465,Toronto,2019,6,Summer
28390,ET,157,Outside City Limits,2019,7,Summer
28391,ET,256,Toronto,2019,7,Summer
28392,NY,69,Outside City Limits,2019,7,Summer
28393,NY,316,Toronto,2019,7,Summer
28394,SC,155,Outside City Limits,2019,7,Summer
28395,SC,704,Toronto,2019,7,Summer
28396,ET,93,Outside City Limits,2019,8,Summer
28397,ET,242,Toronto,2019,8,Summer
28398,NY,89,Outside City Limits,2019,8,Summer
28399,NY,316,Toronto,2019,8,Summer
28400,SC,107,Outside City Limits,2019,8,Summer
28401,SC,432,Toronto,2019,8,Summer
28402,ET,140,Outside City Limits,2019,9,Fall
28403,ET,266,Toronto,2019,9,Fall
28404,NY,87,Outside City Limits,2019,9,Fall
28405,NY,312,Toronto,2019,9,Fall
28406,SC,106,Outside City Limits,2019,9,Fall
28407,SC,385,Toronto,2019,9,Fall
28408,ET,109,Outside City Limits,2019,10,Fall
28409,ET,306,Toronto,2019,10,Fall
28410,NY,59,Outside City Limits,2019,10,Fall
28411,NY,323,Toronto,2019,10,Fall
28412,SC,81,Outside City Limits,2019,10,Fall
28413,SC,509,Toronto,2019,10,Fall
28414,ET,155,Outside City Limits,2019,11,Fall
28415,ET,500,Toronto,2019,11,Fall
28416,NY,100,Outside City Limits,2019,11,Fall
28417,NY,277,Toronto,2019,11,Fall
28418,SC,135,Outside City Limits,2019,11,Fall
28419,SC,631,Toronto,2019,11,Fall
28420,TO,39,Outside City Limits,2019,11,Fall
28421,TO,178,Toronto,2019,11,Fall
28422,ET,154,Outside City Limits,2019,12,Winter
28423,ET,332,Toronto,2019,12,Winter
28424,NY,40,Outside City Limits,2019,12,Winter
28425,NY,124,Toronto,2019,12,Winter
28426,SC,125,Outside City Limits,2019,12,Winter
28427,SC,523,Toronto,2019,12,Winter
28428,ET,149,Outside City Limits,2020,1,Winter
28429,ET,416,Toronto,2020,1,Winter
28430,NY,86,Outside City Limits,2020,1,Winter
28431,NY,563,Toronto,2020,1,Winter
28432,SC,157,Outside City Limits,2020,1,Winter
28433,SC,557,Toronto,2020,1,Winter
28434,TO,46,Outside City Limits,2020,1,Winter
28435,TO,218,Toronto,2020,1,Winter
28436,ET,123,Outside City Limits,2020,2,Winter
28437,ET,313,Toronto,2020,2,Winter
28438,NY,61,Outside City Limits,2020,2,Winter
28439,NY,298,Toronto,2020,2,Winter
28440,SC,102,Outside City Limits,2020,2,Winter
28441,SC,282,Toronto,2020,2,Winter
28442,TO,58,Outside City Limits,2020,2,Winter
28443,TO,252,Toronto,2020,2,Winter
28444,ET,86,Outside City Limits,2020,3,Spring
28445,ET,269,Toronto,2020,3,Spring
28446,NY,30,Outside City Limits,2020,3,Spring
28447,NY,184,Toronto,2020,3,Spring
28448,SC,57,Outside City Limits,2020,3,Spring
28449,SC,232,Toronto,2020,3,Spring
28450,TO,9,Outside City Limits,2020,3,Spring
28451,TO,29,Toronto,2020,3,Spring
28452,SC,184,Outside City Limits,2020,4,Spring
28453,SC,662,Toronto,2020,4,Spring
28454,TO,1,Toronto,2020,4,Spring
28455,ET,239,Outside City Limits,2020,5,Spring
28456,ET,769,Toronto,2020,5,Spring
28457,NY,74,Outside City Limits,2020,5,Spring
28458,NY,356,Toronto,2020,5,Spring
28459,SC,393,Outside City Limits,2020,5,Spring
28460,SC,1455,Toronto,2020,5,Spring
28461,TO,14,Outside City Limits,2020,5,Spring
28462,TO,128,Toronto,2020,5,Spring
28463,ET,190,Outside City Limits,2020,6,Summer
28464,ET,567,Toronto,2020,6,Summer
28465,NY,32,Outside City Limits,2020,6,Summer
28466,NY,210,Toronto,2020,6,Summer
28467,SC,5,Outside City Limits,2020,6,Summer
28468,SC,29,Toronto,2020,6,Summer
28469,TO,61,Outside City Limits,2020,6,Summer
28470,TO,255,Toronto,2020,6,Summer
28471,ET,187,Outside City Limits,2020,7,Summer
28472,ET,647,Toronto,2020,7,Summer
28473,NY,24,Outside City Limits,2020,7,Summer
28474,NY,187,Toronto,2020,7,Summer
28475,TO,72,Outside City Limits,2020,7,Summer
28476,TO,272,Toronto,2020,7,Summer
28477,ET,186,Outside City Limits,2020,8,Summer
28478,ET,507,Toronto,2020,8,Summer
28479,NY,46,Outside City Limits,2020,8,Summer
28480,NY,200,Toronto,2020,8,Summer
28481,TO,12,Outside City Limits,2020,8,Summer
28482,TO,86,Toronto,2020,8,Summer
28483,ET,39,Outside City Limits,2020,9,Fall
28484,ET,194,Toronto,2020,9,Fall
28485,NY,1,Outside City Limits,2020,9,Fall
28486,NY,2,Toronto,2020,9,Fall
28487,SC,40,Outside City Limits,2020,9,Fall
28488,SC,140,Toronto,2020,9,Fall
28489,TO,155,Outside City Limits,2020,9,Fall
28490,TO,534,Toronto,2020,9,Fall
28491,ET,164,Outside City Limits,2020,10,Fall
28492,ET,375,Toronto,2020,10,Fall
28493,NY,1,Outside City Limits,2020,10,Fall
28494,NY,2,Toronto,2020,10,Fall
28495,SC,79,Outside City Limits,2020,10,Fall
28496,SC,162,Toronto,2020,10,Fall
28497,TO,220,Outside City Limits,2020,10,Fall
28498,TO,683,Toronto,2020,10,Fall
28499,ET,322,Outside City Limits,2020,11,Fall
28500,ET,1239,Toronto,2020,11,Fall
28501,NY,5,Outside City Limits,2020,11,Fall
28502,NY,24,Toronto,2020,11,Fall
28503,SC,12,Outside City Limits,2020,11,Fall
28504,SC,39,Toronto,2020,11,Fall
28505,TO,39,Outside City Limits,2020,11,Fall
28506,TO,147,Toronto,2020,11,Fall
28507,ET,171,Outside City Limits,2020,12,Winter
28508,ET,832,Toronto,2020,12,Winter
28509,SC,3,Toronto,2020,12,Winter
28510,TO,1,Outside City Limits,2020,12,Winter
28511,TO,16,Toronto,2020,12,Winter
28512,ET,405,Outside City Limits,2021,1,Winter
28513,ET,1712,Toronto,2021,1,Winter
28514,NY,1,Outside City Limits,2021,1,Winter
28515,NY,5,Toronto,2021,1,Winter
28516,TO,4,Toronto,2021,1,Winter
28517,ET,478,Outside City Limits,2021,2,Winter
28518,ET,1339,Toronto,2021,2,Winter
28519,TO,1,Outside City Limits,2021,2,Winter
28520,TO,1,Toronto,2021,2,Winter
28521,ET,377,Outside City Limits,2021,3,Spring
28522,ET,1489,Toronto,2021,3,Spring
28523,TO,1,Toronto,2021,3,Spring
28524,ET,426,Outside City Limits,2021,4,Spring
28525,ET,1304,Toronto,2021,4,Spring
28526,NY,1,Toronto,2021,4,Spring
28527,TO,1,Toronto,2021,4,Spring
28528,ET,653,Outside City Limits,2021,5,Spring
28529,ET,2007,Toronto,2021,5,Spring
28530,TO,1,Toronto,2021,5,Spring
28531,ET,146,Outside City Limits,2021,6,Summer
28532,ET,429,Toronto,2021,6,Summer
28533,ET,197,Outside City Limits,2021,7,Summer
28534,ET,879,Toronto,2021,7,Summer
28535,ET,290,Outside City Limits,2021,8,Summer
28536,ET,740,Toronto,2021,8,Summer
28537,TO,2,Toronto,2021,8,Summer
28538,ET,302,Outside City Limits,2021,9,Fall
28539,ET,1216,Toronto,2021,9,Fall
28540,TO,3,Toronto,2021,9,Fall
28541,ET,374,Outside City Limits,2021,10,Fall
28542,ET,1181,Toronto,2021,10,Fall
28543,ET,277,Outside City Limits,2021,11,Fall
28544,ET,909,Toronto,2021,11,Fall
28545,ET,193,Outside City Limits,2021,12,Winter
28546,ET,746,Toronto,2021,12,Winter
28547,ET,347,Outside City Limits,2022,1,Winter
28548,ET,1326,Toronto,2022,1,Winter
28549,ET,473,Outside City Limits,2022,2,Winter
28550,ET,1285,Toronto,2022,2,Winter
28551,TO,10,Toronto,2022,2,Winter
28552,ET,424,Outside City Limits,2022,3,Spring
28553,ET,1437,Toronto,2022,3,Spring
28554,TO,11,Outside City Limits,2022,3,Spring
28555,TO,54,Toronto,2022,3,Spring
28556,ET,244,Outside City Limits,2022,4,Spring
28557,ET,679,Toronto,2022,4,Spring
28558,TO,5,Outside City Limits,2022,4,Spring
28559,TO,9,Toronto,2022,4,Spring
28560,ET,319,Outside City Limits,2022,5,Spring
28561,ET,980,Toronto,2022,5,Spring
28562,NY,7,Outside City Limits,2022,5,Spring
28563,NY,14,Toronto,2022,5,Spring
28564,TO,2,Outside City Limits,2022,5,Spring
28565,TO,4,Toronto,2022,5,Spring
28566,ET,352,Outside City Limits,2022,6,Summer
28567,ET,1199,Toronto,2022,6,Summer
28568,NY,12,Outside City Limits,2022,6,Summer
28569,NY,35,Toronto,2022,6,Summer
28570,TO,2,Outside City Limits,2022,6,Summer
28571,TO,9,Toronto,2022,6,Summer
28572,ET,87,Outside City Limits,2022,7,Summer
28573,ET,272,Toronto,2022,7,Summer
28574,NY,5,Outside City Limits,2022,7,Summer
28575,NY,24,Toronto,2022,7,Summer
28576,TO,1,Outside City Limits,2022,7,Summer
28577,TO,2,Toronto,2022,7,Summer
28578,ET,118,Outside City Limits,2022,8,Summer
28579,ET,317,Toronto,2022,8,Summer
28580,NY,65,Outside City Limits,2022,8,Summer
28581,NY,143,Toronto,2022,8,Summer
28582,TO,9,Outside City Limits,2022,8,Summer
28583,TO,18,Toronto,2022,8,Summer
28584,ET,203,Outside City Limits,2022,9,Fall
28585,ET,583,Toronto,2022,9,Fall
28586,NY,197,Outside City Limits,2022,9,Fall
28587,NY,730,Toronto,2022,9,Fall
28588,TO,9,Outside City Limits,2022,9,Fall
28589,TO,55,Toronto,2022,9,Fall
28590,ET,73,Outside City Limits,2022,10,Fall
28591,ET,282,Toronto,2022,10,Fall
28592,NY,133,Outside City Limits,2022,10,Fall
28593,NY,397,Toronto,2022,10,Fall
28594,TO,9,Outside City Limits,2022,10,Fall
28595,TO,19,Toronto,2022,10,Fall
28596,ET,71,Outside City Limits,2022,11,Fall
28597,ET,360,Toronto,2022,11,Fall
28598,NY,324,Outside City Limits,2022,11,Fall
28599,NY,1274,Toronto,2022,11,Fall
28600,TO,16,Outside City Limits,2022,11,Fall
28601,TO,65,Toronto,2022,11,Fall
28602,ET,10,Outside City Limits,2022,12,Winter
28603,ET,14,Toronto,2022,12,Winter
28604,NY,416,Outside City Limits,2022,12,Winter
28605,NY,996,Toronto,2022,12,Winter
28606,TO,12,Outside City Limits,2022,12,Winter
28607,TO,25,Toronto,2022,12,Winter
28608,ET,5,Outside City Limits,2023,1,Winter
28609,ET,20,Toronto,2023,1,Winter
28610,NY,370,Outside City Limits,2023,1,Winter
28611,NY,1015,Toronto,2023,1,Winter
28612,TO,14,Outside City Limits,2023,1,Winter
28613,TO,48,Toronto,2023,1,Winter
28614,ET,7,Outside City Limits,2023,2,Winter
28615,ET,12,Toronto,2023,2,Winter
28616,NY,162,Outside City Limits,2023,2,Winter
28617,NY,446,Toronto,2023,2,Winter
28618,TO,11,Outside City Limits,2023,2,Winter
28619,TO,27,Toronto,2023,2,Winter
28620,ET,10,Outside City Limits,2023,3,Spring
28621,ET,34,Toronto,2023,3,Spring
28622,NY,314,Outside City Limits,2023,3,Spring
28623,NY,923,Toronto,2023,3,Spring
28624,TO,13,Outside City Limits,2023,3,Spring
28625,TO,55,Toronto,2023,3,Spring
28626,ET,4,Outside City Limits,2023,4,Spring
28627,ET,17,Toronto,2023,4,Spring
28628,NY,407,Outside City Limits,2023,4,Spring
28629,NY,1588,Toronto,2023,4,Spring
28630,TO,18,Outside City Limits,2023,4,Spring
28631,TO,72,Toronto,2023,4,Spring
28632,ET,6,Outside City Limits,2023,5,Spring
28633,ET,8,Toronto,2023,5,Spring
28634,NY,519,Outside City Limits,2023,5,Spring
28635,NY,1926,Toronto,2023,5,Spring
28636,TO,18,Outside City Limits,2023,5,Spring
28637,TO,74,Toronto,2023,5,Spring
28638,ET,5,Outside City Limits,2023,6,Summer
28639,ET,24,Toronto,2023,6,Summer
28640,NY,775,Outside City Limits,2023,6,Summer
28641,NY,1842,Toronto,2023,6,Summer
28642,TO,30,Outside City Limits,2023,6,Summer
28643,TO,62,Toronto,2023,6,Summer
28644,NY,124,Outside City Limits,2023,7,Summer
28645,NY,394,Toronto,2023,7,Summer
28646,TO,10,Outside City Limits,2023,7,Summer
28647,TO,23,Toronto,2023,7,Summer
28648,ET,1,Outside City Limits,2023,8,Summer
28649,ET,6,Toronto,2023,8,Summer
28650,NY,301,Outside City Limits,2023,8,Summer
28651,NY,866,Toronto,2023,8,Summer
28652,TO,12,Outside City Limits,2023,8,Summer
28653,TO,40,Toronto,2023,8,Summer
28654,ET,1,Outside City Limits,2023,9,Fall
28655,ET,2,Toronto,2023,9,Fall
28656,NY,439,Outside City Limits,2023,9,Fall
28657,NY,1180,Toronto,2023,9,Fall
28658,TO,31,Outside City Limits,2023,9,Fall
28659,TO,86,Toronto,2023,9,Fall
28660,ET,1,Outside City Limits,2023,10,Fall
28661,ET,4,Toronto,2023,10,Fall
28662,NY,344,Outside City Limits,2023,10,Fall
28663,NY,1058,Toronto,2023,10,Fall
28664,TO,51,Outside City Limits,2023,10,Fall
28665,TO,120,Toronto,2023,10,Fall
28666,ET,2,Toronto,2023,11,Fall
28667,NY,309,Outside City Limits,2023,11,Fall
28668,NY,1301,Toronto,2023,11,Fall
28669,TO,47,Outside City Limits,2023,11,Fall
28670,TO,155,Toronto,2023,11,Fall
28671,ET,1,Toronto,2023,12,Winter
28672,NY,143,Outside City Limits,2023,12,Winter
28673,NY,510,Toronto,2023,12,Winter
28674,TO,16,Outside City Limits,2023,12,Winter
28675,TO,100,Toronto,2023,12,Winter
28676,NY,338,Outside City Limits,2024,1,Winter
28677,NY,984,Toronto,2024,1,Winter
28678,TO,96,Outside City Limits,2024,1,Winter
28679,TO,288,Toronto,2024,1,Winter
28680,NY,192,Outside City Limits,2024,2,Winter
28681,NY,637,Toronto,2024,2,Winter
28682,TO,41,Outside City Limits,2024,2,Winter
28683,TO,160,Toronto,2024,2,Winter
28684,NY,491,Outside City Limits,2024,3,Spring
28685,NY,1405,Toronto,2024,3,Spring
28686,TO,139,Outside City Limits,2024,3,Spring
28687,TO,353,Toronto,2024,3,Spring
28688,NY,697,Outside City Limits,2024,4,Spring
28689,NY,2055,Toronto,2024,4,Spring
28690,TO,108,Outside City Limits,2024,4,Spring
28691,TO,356,Toronto,2024,4,Spring
28692,ET,1,Outside City Limits,2024,5,Spring
28693,ET,2,Toronto,2024,5,Spring
28694,NY,296,Outside City Limits,2024,5,Spring
28695,NY,878,Toronto,2024,5,Spring
28696,TO,68,Outside City Limits,2024,5,Spring
28697,TO,130,Toronto,2024,5,Spring
28698,ET,1,Outside City Limits,2024,6,Summer
28699,ET,14,Toronto,2024,6,Summer
28700,NY,162,Outside City Limits,2024,6,Summer
28701,NY,287,Toronto,2024,6,Summer
28702,TO,30,Outside City Limits,2024,6,Summer
28703,TO,48,Toronto,2024,6,Summer
28704,ET,2,Toronto,2024,7,Summer
28705,NY,417,Outside City Limits,2024,7,Summer
28706,NY,1168,Toronto,2024,7,Summer
28707,TO,51,Outside City Limits,2024,7,Summer
28708,TO,145,Toronto,2024,7,Summer
28709,ET,1,Toronto,2024,8,Summer
28710,NY,791,Outside City Limits,2024,8,Summer
28711,NY,2515,Toronto,2024,8,Summer
28712,TO,54,Outside City Limits,2024,8,Summer
28713,TO,219,Toronto,2024,8,Summer
